Step,CityId
0,18
1,277
2,60
3,310
4,313
5,383
6,48
7,88
8,484
9,224
10,243
11,105
12,126
13,20
14,15
15,344
16,217
17,145
18,366
19,198
20,338
21,386
22,314
23,38
24,329
25,323
26,465
27,276
28,413
29,242
30,36
31,352
32,474
33,41
34,291
35,122
36,347
37,190
38,40
39,391
40,402
41,92
42,68
43,138
44,468
45,44
46,393
47,388
48,120
49,446
50,378
51,76
52,460
53,470
54,199
55,5
56,62
57,200
58,202
59,475
60,79
61,221
62,162
63,441
64,305
65,112
66,333
67,238
68,11
69,295
70,444
71,459
72,343
73,334
74,203
75,87
76,339
77,390
78,396
79,412
80,101
81,456
82,246
83,240
84,82
85,272
86,341
87,423
88,429
89,458
90,312
91,382
92,187
93,307
94,418
95,308
96,431
97,161
98,229
99,486
100,191
101,179
102,210
103,356
104,261
105,29
106,289
107,166
108,99
109,13
110,186
111,498
112,487
113,254
114,178
115,245
116,64
117,14
118,379
119,318
120,448
121,364
122,108
123,282
124,10
125,132
126,380
127,165
128,223
129,192
130,170
131,253
132,263
133,142
134,274
135,433
136,100
137,482
138,135
139,371
140,285
141,493
142,225
143,345
144,189
145,376
146,117
147,176
148,30
149,420
150,103
151,414
152,492
153,134
154,113
155,153
156,35
157,491
158,7
159,42
160,167
161,335
162,19
163,384
164,255
165,107
166,146
167,81
168,248
169,294
170,45
171,168
172,194
173,303
174,275
175,219
176,173
177,143
178,70
179,180
180,320
181,53
182,377
183,37
184,154
185,346
186,479
187,381
188,325
189,197
190,260
191,499
192,149
193,360
194,78
195,476
196,331
197,110
198,24
199,172
200,96
201,461
202,428
203,278
204,485
205,118
206,440
207,326
208,296
209,342
210,155
211,94
212,102
213,471
214,466
215,63
216,1
217,156
218,175
219,57
220,374
221,273
222,457
223,184
224,315
225,494
226,59
227,148
228,26
229,454
230,297
231,450
232,337
233,385
234,495
235,407
236,436
237,69
238,462
239,453
240,207
241,480
242,427
243,51
244,21
245,58
246,95
247,300
248,330
249,133
250,309
251,164
252,226
253,481
254,257
255,403
256,262
257,267
258,127
259,214
260,409
261,195
262,50
263,236
264,324
265,74
266,16
267,368
268,169
269,290
270,31
271,49
272,472
273,97
274,72
275,230
276,237
277,417
278,370
279,90
280,353
281,281
282,358
283,43
284,387
285,443
286,496
287,322
288,286
289,213
290,137
291,392
292,9
293,264
294,75
295,373
296,220
297,47
298,332
299,406
300,131
301,298
302,271
303,452
304,438
305,174
306,478
307,71
308,250
309,205
310,66
311,182
312,193
313,91
314,2
315,106
316,185
317,128
318,85
319,211
320,23
321,426
322,265
323,395
324,89
325,447
326,111
327,83
328,408
329,266
330,369
331,416
332,299
333,17
334,196
335,430
336,54
337,365
338,3
339,25
340,84
341,317
342,65
343,316
344,228
345,375
346,159
347,163
348,415
349,32
350,98
351,477
352,321
353,160
354,56
355,33
356,287
357,279
358,359
359,398
360,399
361,349
362,77
363,232
364,434
365,218
366,252
367,451
368,115
369,327
370,27
371,404
372,411
373,336
374,140
375,301
376,445
377,361
378,177
379,235
380,467
381,422
382,209
383,123
384,489
385,421
386,171
387,28
388,130
389,67
390,367
391,432
392,206
393,93
394,22
395,233
396,136
397,119
398,280
399,355
400,463
401,239
402,483
403,258
404,401
405,435
406,241
407,244
408,488
409,216
410,4
411,34
412,442
413,288
414,449
415,139
416,227
417,354
418,319
419,116
420,251
421,247
422,104
423,292
424,183
425,362
426,129
427,46
428,80
429,268
430,363
431,405
432,419
433,55
434,109
435,372
436,121
437,125
438,73
439,212
440,389
441,208
442,144
443,201
444,86
445,0
446,473
447,256
448,158
449,283
450,234
451,455
452,357
453,351
454,141
455,304
456,490
457,350
458,439
459,52
460,157
461,6
462,348
463,400
464,425
465,114
466,150
467,340
468,8
469,464
470,311
471,293
472,410
473,61
474,469
475,151
476,306
477,188
478,39
479,152
480,397
481,204
482,270
483,181
484,222
485,497
486,215
487,147
488,249
489,437
490,12
491,394
492,302
493,259
494,284
495,328
496,124
497,231
498,424
499,269
500,18
